{
    "name": "root",
    "gauges": {
        "Flappy-Behavior.Policy.Entropy.mean": {
            "value": 0.20516660809516907,
            "min": 0.20516660809516907,
            "max": 0.6929594278335571,
            "count": 50
        },
        "Flappy-Behavior.Policy.Entropy.sum": {
            "value": 2028.0718994140625,
            "min": 2028.0718994140625,
            "max": 7016.21435546875,
            "count": 50
        },
        "Flappy-Behavior.Environment.EpisodeLength.mean": {
            "value": 6279.666666666667,
            "min": 15.16425120772947,
            "max": 10108.0,
            "count": 47
        },
        "Flappy-Behavior.Environment.EpisodeLength.sum": {
            "value": 18839.0,
            "min": 211.0,
            "max": 18839.0,
            "count": 47
        },
        "Flappy-Behavior.Step.mean": {
            "value": 499959.0,
            "min": 9985.0,
            "max": 499959.0,
            "count": 50
        },
        "Flappy-Behavior.Step.sum": {
            "value": 499959.0,
            "min": 9985.0,
            "max": 499959.0,
            "count": 50
        },
        "Flappy-Behavior.Policy.ExtrinsicValueEstimate.mean": {
            "value": 1.9275200366973877,
            "min": -0.700298011302948,
            "max": 1.9288052320480347,
            "count": 50
        },
        "Flappy-Behavior.Policy.ExtrinsicValueEstimate.sum": {
            "value": 304.54815673828125,
            "min": -353.42620849609375,
            "max": 304.54815673828125,
            "count": 50
        },
        "Flappy-Behavior.Environment.CumulativeReward.mean": {
            "value": 124.5933188398679,
            "min": -0.696860846674558,
            "max": 201.15997660160065,
            "count": 47
        },
        "Flappy-Behavior.Environment.CumulativeReward.sum": {
            "value": 373.77995651960373,
            "min": -430.66000324487686,
            "max": 373.77995651960373,
            "count": 47
        },
        "Flappy-Behavior.Policy.ExtrinsicReward.mean": {
            "value": 124.5933188398679,
            "min": -0.696860846674558,
            "max": 201.15997660160065,
            "count": 47
        },
        "Flappy-Behavior.Policy.ExtrinsicReward.sum": {
            "value": 373.77995651960373,
            "min": -430.66000324487686,
            "max": 373.77995651960373,
            "count": 47
        },
        "Flappy-Behavior.IsTraining.mean": {
            "value": 1.0,
            "min": 1.0,
            "max": 1.0,
            "count": 50
        },
        "Flappy-Behavior.IsTraining.sum": {
            "value": 1.0,
            "min": 1.0,
            "max": 1.0,
            "count": 50
        },
        "Flappy-Behavior.Losses.PolicyLoss.mean": {
            "value": 0.016828831285238266,
            "min": 0.016279831008675198,
            "max": 0.043954887163514894,
            "count": 48
        },
        "Flappy-Behavior.Losses.PolicyLoss.sum": {
            "value": 0.016828831285238266,
            "min": 0.016279831008675198,
            "max": 0.043954887163514894,
            "count": 48
        },
        "Flappy-Behavior.Losses.ValueLoss.mean": {
            "value": 0.014418946594620745,
            "min": 0.00046073978010099383,
            "max": 0.08054197678963343,
            "count": 48
        },
        "Flappy-Behavior.Losses.ValueLoss.sum": {
            "value": 0.014418946594620745,
            "min": 0.00046073978010099383,
            "max": 0.08054197678963343,
            "count": 48
        },
        "Flappy-Behavior.Policy.LearningRate.mean": {
            "value": 3.892298702600013e-06,
            "min": 3.892298702600013e-06,
            "max": 0.00029385540204819995,
            "count": 48
        },
        "Flappy-Behavior.Policy.LearningRate.sum": {
            "value": 3.892298702600013e-06,
            "min": 3.892298702600013e-06,
            "max": 0.00029385540204819995,
            "count": 48
        },
        "Flappy-Behavior.Policy.Epsilon.mean": {
            "value": 0.10129740000000001,
            "min": 0.10129740000000001,
            "max": 0.19795180000000007,
            "count": 48
        },
        "Flappy-Behavior.Policy.Epsilon.sum": {
            "value": 0.10129740000000001,
            "min": 0.10129740000000001,
            "max": 0.19795180000000007,
            "count": 48
        },
        "Flappy-Behavior.Policy.Beta.mean": {
            "value": 7.47402600000002e-05,
            "min": 7.47402600000002e-05,
            "max": 0.004897794819999999,
            "count": 48
        },
        "Flappy-Behavior.Policy.Beta.sum": {
            "value": 7.47402600000002e-05,
            "min": 7.47402600000002e-05,
            "max": 0.004897794819999999,
            "count": 48
        }
    },
    "metadata": {
        "timer_format_version": "0.1.0",
        "start_time_seconds": "1667636599",
        "python_version": "3.7.9 (tags/v3.7.9:13c94747c7, Aug 17 2020, 18:58:18) [MSC v.1900 64 bit (AMD64)]",
        "command_line_arguments": "G:\\Unity Projects\\Flappy-Bird-RL\\mlagent-env\\Scripts\\mlagents-learn training_config.yaml --run-id=FB-02",
        "mlagents_version": "0.29.0",
        "mlagents_envs_version": "0.29.0",
        "communication_protocol_version": "1.5.0",
        "pytorch_version": "1.7.1+cu110",
        "numpy_version": "1.21.2",
        "end_time_seconds": "1667637135"
    },
    "total": 536.0619986,
    "count": 1,
    "self": 0.009885199999985161,
    "children": {
        "run_training.setup": {
            "total": 0.06213089999999999,
            "count": 1,
            "self": 0.06213089999999999
        },
        "TrainerController.start_learning": {
            "total": 535.9899825,
            "count": 1,
            "self": 0.42132160000835484,
            "children": {
                "TrainerController._reset_env": {
                    "total": 29.4063005,
                    "count": 1,
                    "self": 29.4063005
                },
                "TrainerController.advance": {
                    "total": 506.1312409999917,
                    "count": 33360,
                    "self": 0.39596599998725424,
                    "children": {
                        "env_step": {
                            "total": 200.4619465000061,
                            "count": 33360,
                            "self": 162.71849050000264,
                            "children": {
                                "SubprocessEnvManager._take_step": {
                                    "total": 37.51744930000392,
                                    "count": 33360,
                                    "self": 1.2532795000035506,
                                    "children": {
                                        "TorchPolicy.evaluate": {
                                            "total": 36.26416980000037,
                                            "count": 33360,
                                            "self": 13.82150230000568,
                                            "children": {
                                                "TorchPolicy.sample_actions": {
                                                    "total": 22.442667499994688,
                                                    "count": 33360,
                                                    "self": 22.442667499994688
                                                }
                                            }
                                        }
                                    }
                                },
                                "workers": {
                                    "total": 0.22600669999951606,
                                    "count": 33360,
                                    "self": 0.0,